"DESCRIPTION","DURATION IN MS","NAME","PARENT SUITE","START TIME","STATUS","STOP TIME","SUB SUITE","SUITE","TEST CLASS","TEST METHOD"
"Test fetching latest data with type filter from the database, and verify that correct documents (with most recent timestamp and correct type) are returned.","0","test_fetch_latest_results_with_type_filter","Database tests","Mon Nov 24 14:56:04 UTC 2025","failed","Mon Nov 24 14:56:04 UTC 2025","Fetch latest data with type filter","TC-05: Fetch latest analysis results from database","",""
"Test registering a new user with an email that is already registered in the database. Verify that appropriate error message is returned.","1","test_register_user_with_existing_email","Authentication tests","Mon Nov 24 14:56:04 UTC 2025","passed","Mon Nov 24 14:56:04 UTC 2025","Register user with existing email","TC-13: Register new user","",""
"Test fetching latest country analysis results with valid parameters, and verify the response includes correct data with latest timestamp. Fetching from a subreddit that does not require login.","1","test_fetch_country_analysis_results_no_login","REST API tests","Mon Nov 24 14:56:05 UTC 2025","passed","Mon Nov 24 14:56:05 UTC 2025","Fetch country analysis results with valid subreddit no login","TC-10: Fetch country analysis results","",""
"Test fetching latest data from a nonexistent subreddit, and verify that an empty list is returned.","0","test_fetch_latest_results_from_nonexistent_subreddit","Database tests","Mon Nov 24 14:56:04 UTC 2025","passed","Mon Nov 24 14:56:04 UTC 2025","Fetch latest data from nonexistent subreddit","TC-05: Fetch latest analysis results from database","",""
"Test calculating top topics for nonexistent subreddit, and verify that an empty list is returned.","0","test_calculate_top_topics_for_nonexistent_subreddit","Database tests","Mon Nov 24 14:56:04 UTC 2025","passed","Mon Nov 24 14:56:04 UTC 2025","Calculate top topics for nonexistent subreddit","TC-07: Calculate top topics statistics from analysis results","",""
"Test calculating post numbers for nonexistent subreddit, and verify that an empty list is returned.","1","test_calculate_post_numbers_for_nonexistent_subreddit","Database tests","Mon Nov 24 14:56:04 UTC 2025","passed","Mon Nov 24 14:56:04 UTC 2025","Calculate post numbers for nonexistent subreddit","TC-06: Calculate post number statistics from analysis results","",""
"Test fetching subreddit options for trending topics analysis, and verify that they are returned correctly.","0","test_fetch_subreddits_for_trending_topics","REST API tests","Mon Nov 24 14:56:05 UTC 2025","passed","Mon Nov 24 14:56:05 UTC 2025","Fetch subreddits used in trending topics analysis","TC-08: Fetch subreddits used in analyses","",""
"Test fetching latest topic analysis results with valid parameters, and verify the response includes correct data with latest timestamp.","1","test_fetch_topic_analysis_results_valid_params","REST API tests","Mon Nov 24 14:56:05 UTC 2025","passed","Mon Nov 24 14:56:05 UTC 2025","Fetch topic analysis results with valid subreddit","TC-09: Fetch topic analysis results","",""
"Test fetching a document that doesn't exist, and verify that an empty list is returned.","1","test_fetch_nonexistent_document","Database tests","Mon Nov 24 14:56:04 UTC 2025","passed","Mon Nov 24 14:56:04 UTC 2025","Fetch non-existent document","TC-02: Fetch data from database","",""
"Test registering a new user with a username that already exists in the database. Verify that appropriate error message is returned.","1","test_register_user_with_existing_username","Authentication tests","Mon Nov 24 14:56:04 UTC 2025","passed","Mon Nov 24 14:56:04 UTC 2025","Register user with existing username","TC-13: Register new user","",""
"Test saving multiple documents to the database, and verify they were saved correctly.","0","test_save_multiple_documents","Database tests","Mon Nov 24 14:56:04 UTC 2025","passed","Mon Nov 24 14:56:04 UTC 2025","Save list of items","TC-01: Save data to database","",""
"Test registering a new user with missing required fields (username, email, password). Verify that appropriate error messages are returned.","1","test_register_user_with_missing_fields","Authentication tests","Mon Nov 24 14:56:04 UTC 2025","passed","Mon Nov 24 14:56:04 UTC 2025","Register user with missing fields","TC-13: Register new user","",""
"Test updating using an invalid filter, and verify that a TypeError was raised.","0","test_update_with_invalid_filter_type","Database tests","Mon Nov 24 14:56:04 UTC 2025","passed","Mon Nov 24 14:56:04 UTC 2025","Update with invalid filter","TC-03: Update data in database","",""
"Test fetching topic statistics for a valid subreddit, and verify that they are returned correctly.","2","test_fetch_topic_statistics_valid_subreddit","REST API tests","Mon Nov 24 14:56:05 UTC 2025","passed","Mon Nov 24 14:56:05 UTC 2025","Fetch topic statistics with valid subreddit","TC-12: Fetch topic statistics for topic analysis","",""
"Test fetching latest data using invalid filter, and verify that a ValueError or TypeError is raised.","1","test_fetch_latest_results_using_invalid_filter_type","Database tests","Mon Nov 24 14:56:04 UTC 2025","passed","Mon Nov 24 14:56:04 UTC 2025","Fetch latest data using invalid filter","TC-05: Fetch latest analysis results from database","",""
"Test that country subreddit entries include the 'login_required' field, and verify its correctness.","1","test_country_subreddits_include_login_requirement_field","REST API tests","Mon Nov 24 14:56:05 UTC 2025","passed","Mon Nov 24 14:56:05 UTC 2025","Check that country subreddits include login requirement field","TC-08: Fetch subreddits used in analyses","",""
"Test calculating post numbers for existing subreddit, and verify that the correct post count statistics are returned. Expects today's statistics to be included.","1","test_calculate_post_numbers_for_existing_subreddit","Database tests","Mon Nov 24 14:56:04 UTC 2025","failed","Mon Nov 24 14:56:04 UTC 2025","Calculate post numbers for existing subreddit","TC-06: Calculate post number statistics from analysis results","",""
"Test fetching latest topic analysis results with invalid parameters, and verify that status 404 is returned.","0","test_fetch_topic_analysis_results_invalid_params","REST API tests","Mon Nov 24 14:56:05 UTC 2025","passed","Mon Nov 24 14:56:05 UTC 2025","Fetch topic analysis results with invalid subreddit","TC-09: Fetch topic analysis results","",""
"Test updating existing document, and verify it was updated successfully.","0","test_update_existing_document","Database tests","Mon Nov 24 14:56:04 UTC 2025","passed","Mon Nov 24 14:56:04 UTC 2025","Update existing document","TC-03: Update data in database","",""
"Test logging in with invalid username or password. Verify that appropriate error messages are returned.","174","test_login_with_invalid_credentials","Authentication tests","Mon Nov 24 14:56:04 UTC 2025","passed","Mon Nov 24 14:56:05 UTC 2025","Login with invalid credentials","TC-14: Login user","",""
"Test deleting existing document, and verify it was deleted successfully.","1","test_delete_existing_document","Database tests","Mon Nov 24 14:56:04 UTC 2025","passed","Mon Nov 24 14:56:04 UTC 2025","Delete existing document","TC-04: Delete data from database","",""
"Test calculating top topics with a large limit, and verify that all available topics are returned without error.","1","test_calculate_top_topics_with_large_limit","Database tests","Mon Nov 24 14:56:04 UTC 2025","failed","Mon Nov 24 14:56:04 UTC 2025","Calculate top topics with large limit","TC-07: Calculate top topics statistics from analysis results","",""
"Test calculating top topics for existing subreddit, and verify that the correct topics statistics are returned. Expects today's statistics to be included.","1","test_calculate_top_topics_for_existing_subreddit","Database tests","Mon Nov 24 14:56:04 UTC 2025","failed","Mon Nov 24 14:56:04 UTC 2025","Calculate top topics for existing subreddit","TC-07: Calculate top topics statistics from analysis results","",""
"Test logging in with a username that does not exist in the database. Verify that appropriate error message is returned.","1","test_login_with_nonexistent_user","Authentication tests","Mon Nov 24 14:56:05 UTC 2025","passed","Mon Nov 24 14:56:05 UTC 2025","Login with nonexistent user","TC-14: Login user","",""
"Test registering a new user with invalid data formats (short password, invalid email, short username). Verify that appropriate error messages are returned.","2","test_register_user_with_invalid_data_format","Authentication tests","Mon Nov 24 14:56:04 UTC 2025","passed","Mon Nov 24 14:56:04 UTC 2025","Register user with invalid data format","TC-13: Register new user","",""
"Test fetching latest country analysis results and verify that response contains expected fields.","1","test_verify_country_analysis_response_content","REST API tests","Mon Nov 24 14:56:05 UTC 2025","passed","Mon Nov 24 14:56:05 UTC 2025","Fetch country analysis results and verify response content","TC-10: Fetch country analysis results","",""
"Test updating non-existing document, and verify that a ValueError was raised.","0","test_update_nonexisting_document","Database tests","Mon Nov 24 14:56:04 UTC 2025","broken","Mon Nov 24 14:56:04 UTC 2025","Update non-existent document","TC-03: Update data in database","",""
"Test fetching latest data without type filter from the database, and verify that correct documents (with most recent timestamp) are returned.","1","test_fetch_latest_results_without_type_filter","Database tests","Mon Nov 24 14:56:04 UTC 2025","passed","Mon Nov 24 14:56:04 UTC 2025","Fetch latest data without type filter","TC-05: Fetch latest analysis results from database","",""
"Test deleting with invalid filter, and verify that a TypeError was raised.","0","test_delete_with_invalid_filter_type","Database tests","Mon Nov 24 14:56:04 UTC 2025","passed","Mon Nov 24 14:56:04 UTC 2025","Delete with invalid filter","TC-04: Delete data from database","",""
"Test fetching topic statistics and verify that response contains expected fields.","2","test_verify_topic_statistics_response_content","REST API tests","Mon Nov 24 14:56:05 UTC 2025","passed","Mon Nov 24 14:56:05 UTC 2025","Fetch topic statistics and verify response content","TC-12: Fetch topic statistics for topic analysis","",""
"Test saving an empty list to the database, and verify that a ValueError is raised.","1","test_save_empty_list","Database tests","Mon Nov 24 14:56:04 UTC 2025","broken","Mon Nov 24 14:56:04 UTC 2025","Save empty list","TC-01: Save data to database","",""
"Test registering a new user with valid username, email, and password. Verify that success message is returned, and user can be found in the database.","89","test_register_user_with_valid_data","Authentication tests","Mon Nov 24 14:56:04 UTC 2025","passed","Mon Nov 24 14:56:04 UTC 2025","Register user with valid data","TC-13: Register new user","",""
"Test calculating top topics with invalid number of days, and verify that a ValueError is raised.","1","test_calculate_top_topics_with_invalid_number_of_days","Database tests","Mon Nov 24 14:56:04 UTC 2025","failed","Mon Nov 24 14:56:04 UTC 2025","Calculate top topics with invalid number of days","TC-07: Calculate top topics statistics from analysis results","",""
"Test deleting non-existing document, and verify it is handled gracefully.","1","test_delete_nonexisting_document","Database tests","Mon Nov 24 14:56:04 UTC 2025","passed","Mon Nov 24 14:56:04 UTC 2025","Delete non-existing document","TC-04: Delete data from database","",""
"Test fetching post statistics for an invalid subreddit, and verify that status 404 is returned.","1","test_fetch_post_statistics_invalid_subreddit","REST API tests","Mon Nov 24 14:56:05 UTC 2025","passed","Mon Nov 24 14:56:05 UTC 2025","Fetch post statistics with invalid subreddit","TC-11: Fetch post statistics for topic analysis","",""
"Test fetching latest topic analysis results and verify that response contains expected fields.","1","test_verify_topic_analysis_response_content","REST API tests","Mon Nov 24 14:56:05 UTC 2025","passed","Mon Nov 24 14:56:05 UTC 2025","Fetch topic analysis results and verify response content","TC-09: Fetch topic analysis results","",""
"Test fetching documents with invalid filter, and verify that a TypeError is raised.","0","test_fetch_documents_with_invalid_filter_type","Database tests","Mon Nov 24 14:56:04 UTC 2025","passed","Mon Nov 24 14:56:04 UTC 2025","Fetch with invalid filter","TC-02: Fetch data from database","",""
"Test saving an invalid data type to the database, and verify that a TypeError is raised.","0","test_save_invalid_data_type","Database tests","Mon Nov 24 14:56:04 UTC 2025","passed","Mon Nov 24 14:56:04 UTC 2025","Save invalid data type","TC-01: Save data to database","",""
"Test fetching post statistics and verify that response contains expected fields.","1","test_verify_post_statistics_response_content","REST API tests","Mon Nov 24 14:56:05 UTC 2025","passed","Mon Nov 24 14:56:05 UTC 2025","Fetch post statistics and verify response content","TC-11: Fetch post statistics for topic analysis","",""
"Test fetching post statistics for a valid subreddit, and verify that they are returned correctly.","1","test_fetch_post_statistics_valid_subreddit","REST API tests","Mon Nov 24 14:56:05 UTC 2025","passed","Mon Nov 24 14:56:05 UTC 2025","Fetch post statistics with valid subreddit","TC-11: Fetch post statistics for topic analysis","",""
"Test fetching subreddit options for country analysis, and verify that they are returned correctly.","1","test_fetch_subreddits_for_country_analysis","REST API tests","Mon Nov 24 14:56:05 UTC 2025","passed","Mon Nov 24 14:56:05 UTC 2025","Fetch subreddits used in country subreddit analysis","TC-08: Fetch subreddits used in analyses","",""
"Test fetching documents with a filter, and verify that the correct documents are returned as a list.","1","test_fetch_documents_using_filter","Database tests","Mon Nov 24 14:56:04 UTC 2025","passed","Mon Nov 24 14:56:04 UTC 2025","Fetch documents with filter","TC-02: Fetch data from database","",""
"Test calculating post numbers with invalid number of days, and verify that a ValueError is raised.","0","test_calculate_post_numbers_with_invalid_number_of_days","Database tests","Mon Nov 24 14:56:04 UTC 2025","failed","Mon Nov 24 14:56:04 UTC 2025","Calculate post numbers with invalid number of days","TC-06: Calculate post number statistics from analysis results","",""
"Test calculating top topics with invalid limit, and verify that a ValueError is raised.","0","test_calculate_top_topics_with_invalid_limit","Database tests","Mon Nov 24 14:56:04 UTC 2025","failed","Mon Nov 24 14:56:04 UTC 2025","Calculate top topics with invalid limit","TC-07: Calculate top topics statistics from analysis results","",""
"Test logging in with valid username and password. Verify that access and refresh tokens are returned.","175","test_login_with_valid_credentials","Authentication tests","Mon Nov 24 14:56:04 UTC 2025","passed","Mon Nov 24 14:56:04 UTC 2025","Login with valid credentials","TC-14: Login user","",""
"Test fetching all documents from the database collection, and verify that the correct documents are returned as a list.","0","test_fetch_all_documents","Database tests","Mon Nov 24 14:56:04 UTC 2025","passed","Mon Nov 24 14:56:04 UTC 2025","Fetch all documents","TC-02: Fetch data from database","",""
"Test fetching topic statistics for an invalid subreddit, and verify that status 404 is returned.","1","test_fetch_topic_statistics_invalid_subreddit","REST API tests","Mon Nov 24 14:56:05 UTC 2025","passed","Mon Nov 24 14:56:05 UTC 2025","Fetch topic statistics with invalid subreddit","TC-12: Fetch topic statistics for topic analysis","",""
"Test fetching latest country analysis results with invalid parameters, and verify that status 404 is returned.","1","test_fetch_country_analysis_results_invalid_params","REST API tests","Mon Nov 24 14:56:05 UTC 2025","passed","Mon Nov 24 14:56:05 UTC 2025","Fetch country analysis results with invalid subreddit","TC-10: Fetch country analysis results","",""
"Test saving a single document to the database, and verify it was saved correctly.","0","test_save_one_document","Database tests","Mon Nov 24 14:56:04 UTC 2025","passed","Mon Nov 24 14:56:04 UTC 2025","Save one item","TC-01: Save data to database","",""
